Designator,Footprint,Quantity,Value,LCSC Part #
"C1, C3",0603,2,10uF,
"C10, C11, C12, C13, C14, C2, C4, C9",0402,8,100nF,
"C5, C6",0603,2,20pF,
J1,USB_B_OST_USB-B1HSxx_Horizontal,1,USB_B,
J2,ModelH-triomate-cols16,1,Conn_cols,
J3,ModelH-triomate-rows12,1,Conn_rows,
J4,ModelH-tripmate-leds4,1,Conn_leds,
J5,PinHeader_2x03_P2.54mm_Vertical,1,Conn_02x03_Odd_Even,
J6,IDC-Header_2x05_P2.54mm_Vertical,1,Conn_02x05_Odd_Even,
"J7, J8, J9",PinSocket_1x05_P2.54mm_Vertical,3,Conn_01x05,
"LED1, LED2",0805,2,green,
"R1, R2",0603,2,330,
"R10, R11, R5",0603,3,1.5k,
"R12, R13, R14, R15, R16",0805,5,0,
"R17, R18",0603,2,100k,
"R3, R4",0603,2,22,
R6,0603,1,1M,
"R7, R8, R9",0805,3,100,
SW1,SW_SPST_EVPBF,1,SW_Push,
U1,LQFP-48_7x7mm_P0.5mm,1,STM32F103C8Tx,
U2,SOT-223-3_TabPin2,1,AMS1117-3.3,
Y1,Crystal_SMD_5032-2Pin_5.0x3.2mm,1,8MHz,
